index,path,concentrate_lung_time,kem_spe,kmeans_spe,gmm_spe
0,/database/datasets/Classics/LIDCdata/LIDC-IDRI-0194/01-01-2000-NA-CT THORAX WCONTRAST-68838/2.000000-CHEST-94975/,20.90667748451233,2.2849392e-05,0.00018425888,0.0018507408
1,/database/datasets/Classics/LIDCdata/LIDC-IDRI-0273/01-01-2000-NA-CT THORAX WCONTRAST-57410/2.000000-CHEST-88746/,18.984657287597656,2.4031233e-05,0.00026204027,0.0019353385
2,/database/datasets/Classics/LIDCdata/LIDC-IDRI-0405/01-01-2000-NA-NA-51249/30078.000000-NA-51914/,36.722087383270264,2.9664907e-05,0.00050293276,0.00050506217
3,/database/datasets/Classics/LIDCdata/LIDC-IDRI-0250/01-01-2000-NA-CT THORAX WCONTRAST-19837/2.000000-CHEST-44411/,20.28254771232605,2.6960295e-05,0.00023773366,0.0018952694
4,/database/datasets/Classics/LIDCdata/LIDC-IDRI-0167/01-01-2000-NA-CT THORAX WCONTRAST-39127/2.000000-CHEST-44656/,19.242761611938477,3.234432e-05,0.0002968743,0.0019965444
5,/database/datasets/Classics/LIDCdata/LIDC-IDRI-0205/01-01-2000-NA-CT THORAX WCONTRAST-46243/2.000000-CHEST-78363/,18.995163679122925,3.5939564e-05,0.00024329874,0.0019210634
6,/database/datasets/Classics/LIDCdata/LIDC-IDRI-0137/01-01-2000-NA-CT THORAX WCONTRAST-20553/3.000000-Recon 2 CHEST-96610/,20.476771593093872,3.283981e-05,0.0003296135,0.0020161292
7,/database/datasets/Classics/LIDCdata/LIDC-IDRI-0163/01-01-2000-NA-CT THORAX WCONTRAST-52456/3.000000-Recon 2 CHEST-54230/,34.64644694328308,5.2637013e-05,0.00021754194,0.0018697811
8,/database/datasets/Classics/LIDCdata/LIDC-IDRI-0166/01-01-2000-NA-CT THORAX WCONTRAST-66290/3.000000-Recon 2 CHEST-92308/,18.77267622947693,3.317425e-05,0.00026520956,0.0019289758
10,/database/datasets/Classics/LIDCdata/LIDC-IDRI-0165/01-01-2000-NA-CT THORAX WCONTRAST-37946/2.000000-CHEST-01585/,18.969903230667114,3.0096466e-05,0.0002488512,0.0019209462
11,/database/datasets/Classics/LIDCdata/LIDC-IDRI-0232/01-01-2000-NA-CT THORAX WCONTRAST-66650/3.000000-Recon 2 CHEST-95182/,19.21953320503235,6.431178e-05,0.00028574362,0.0019467283
12,/database/datasets/Classics/LIDCdata/LIDC-IDRI-0168/01-01-2000-NA-CT ANGIO CHEST NON-CO-93392/2.000000-BOTTOM TO TOP-62523/,34.31647801399231,2.1328884e-05,0.00027212716,0.0019580508
13,/database/datasets/Classics/LIDCdata/LIDC-IDRI-0248/01-01-2000-NA-CT CAP-48096/6.000000-Recon 3 C-A-P-95302/,25.89251732826233,3.2578664e-05,0.00020051445,0.0018488283
15,/database/datasets/Classics/LIDCdata/LIDC-IDRI-0559/01-01-2000-NA-CT THORAX WCONTRAST-98352/3.000000-Recon 2 CHEST-77129/,20.176450967788696,2.856077e-05,0.00028052364,0.0019580727
16,/database/datasets/Classics/LIDCdata/LIDC-IDRI-0290/01-01-2000-NA-CT THORAX WCONTRAST-53087/2.000000-CHEST-42176/,18.661019802093506,2.7529439e-05,0.00030756454,0.0019871558
18,/database/datasets/Classics/LIDCdata/LIDC-IDRI-0247/01-01-2000-NA-CT CAP-42765/6.000000-Recon 3 C-A-P-91202/,18.65823459625244,7.312679e-05,0.00034859305,0.0020304327
19,/database/datasets/Classics/LIDCdata/LIDC-IDRI-0811/01-01-2000-1-NA-15517/30007.000000-NA-84692/,57.3708860874176,2.8053766e-05,0.00047669548,0.00047810128
21,/database/datasets/Classics/LIDCdata/LIDC-IDRI-0149/01-01-2000-NA-CT THORAX WCONTRAST-16682/4.000000-Recon 3 CHEST-14593/,40.80419611930847,5.871908e-05,0.0002824101,0.0019492303
22,/database/datasets/Classics/LIDCdata/LIDC-IDRI-0766/01-01-2000-1-NA-05661/30030.000000-NA-34217/,42.39724683761597,3.6802987e-05,0.00043536816,0.0004359747
23,/database/datasets/Classics/LIDCdata/LIDC-IDRI-0180/01-01-2000-NA-CT ANGIO CHEST NON-CO-18752/2.000000-BOTTOM TO TOP-13968/,34.08920240402222,1.6734233e-05,0.00021610965,0.0018904684
24,/database/datasets/Classics/LIDCdata/LIDC-IDRI-0610/01-01-2000-NA-NA-35454/30363.000000-NA-81479/,23.78236150741577,3.0555508e-05,0.00044541174,0.008057455
25,/database/datasets/Classics/LIDCdata/LIDC-IDRI-0072/01-01-2000-NA-CT CHEST W CONT-45499/4.000000-Recon 3-88650/,45.75517535209656,1.0919291e-05,0.00014884865,0.004514754
26,/database/datasets/Classics/LIDCdata/LIDC-IDRI-0230/01-01-2000-NA-CT CA-55484/4.000000-Recon 2 CHEST-ABD-67626/,15.486514329910278,3.232912e-05,0.00033991595,0.0020154624
27,/database/datasets/Classics/LIDCdata/LIDC-IDRI-0176/01-01-2000-NA-CT ANGIO CHEST WWO C-80139/2.000000-BOTTOM TO TOP-22938/,30.653910636901855,2.4410578e-05,0.00044800126,0.0021446145
28,/database/datasets/Classics/LIDCdata/LIDC-IDRI-1010/01-01-2000-NA-CT ANGIO CHEST NON-CO-81361/2.000000-BOTTOM TO TOP-17588/,37.56610989570618,2.4516587e-05,0.00027758596,0.0019694213
29,/database/datasets/Classics/LIDCdata/LIDC-IDRI-0200/01-01-2000-NA-CAP LYM PREPOST-54643/6.000000-Recon 3 C-A-P-08613/,18.773937225341797,6.380541e-05,0.00035439618,0.0020259717
30,/database/datasets/Classics/LIDCdata/LIDC-IDRI-0251/01-01-2000-NA-CT THORAX WCONTRAST-52009/2.000000-CHEST-59377/,18.74128818511963,2.0233787e-05,0.000220492,0.0018798568
31,/database/datasets/Classics/LIDCdata/LIDC-IDRI-0261/01-01-2000-NA-CT THORAX WCONTRAST-54976/2.000000-CHEST-48430/,19.36420440673828,3.463883e-05,0.0002548942,0.0021610162
32,/database/datasets/Classics/LIDCdata/LIDC-IDRI-0267/01-01-2000-NA-CT THORAX WO CONTRAST-75468/2.000000-CHEST-23992/,20.953951120376587,3.9367245e-05,0.00033765045,0.0038844382
33,/database/datasets/Classics/LIDCdata/LIDC-IDRI-0174/01-01-2000-NA-CT THORAX WCONTRAST-21864/2.000000-CHEST-61082/,19.028181314468384,2.8075678e-05,0.00025677728,0.0019214823
34,/database/datasets/Classics/LIDCdata/LIDC-IDRI-0399/01-01-2000-NA-CT ANGIO CHEST NON-CO-97992/2.000000-BOTTOM TO TOP-35401/,33.92610812187195,2.3032742e-06,3.9342704e-05,0.000254491
35,/database/datasets/Classics/LIDCdata/LIDC-IDRI-0191/01-01-2000-NA-CT THORAX WCONTRAST-56520/3.000000-Recon 2 CHEST-51928/,21.790632963180542,4.1011834e-05,0.00025634293,0.0019118082
36,/database/datasets/Classics/LIDCdata/LIDC-IDRI-0237/01-01-2000-NA-CT THORAX WCONTRAST-94125/2.000000-CHEST-16111/,19.431328773498535,1.7988872e-05,0.00015994647,0.0018117863
37,/database/datasets/Classics/LIDCdata/LIDC-IDRI-0258/01-01-2000-NA-CT THORAX WCONTRAST-53325/2.000000-CHEST-23389/,18.444184064865112,2.8581358e-05,0.00026526747,0.0019270658
38,/database/datasets/Classics/LIDCdata/LIDC-IDRI-0377/01-01-2000-NA-CHEST-47002/30970.000000-NA-38925/,42.590646505355835,1.5990649e-05,0.00024565693,0.004655316
39,/database/datasets/Classics/LIDCdata/LIDC-IDRI-0260/01-01-2000-NA-CT THORAX WCONTRAST-24861/2.000000-CHEST-29286/,20.29731774330139,2.9302284e-05,0.00029439857,0.0019815534
40,/database/datasets/Classics/LIDCdata/LIDC-IDRI-0282/01-01-2000-NA-CT THORAX WCONTRAST-94920/2.000000-CHEST-69223/,16.496440649032593,2.8498982e-05,0.00028159312,0.0019577134
41,/database/datasets/Classics/LIDCdata/LIDC-IDRI-0088/01-01-2000-NA-CT CHABPEL WO-92527/4.000000-Recon 3-02075/,34.718751430511475,1.0856238e-05,0.0001491465,0.0044945753
42,/database/datasets/Classics/LIDCdata/LIDC-IDRI-0239/01-01-2000-NA-CT THORAX WO CONTRAST-05073/3.000000-Recon 2 CHEST-62398/,22.56819796562195,4.4090415e-05,0.00023396203,0.001896956
43,/database/datasets/Classics/LIDCdata/LIDC-IDRI-0233/01-01-2000-NA-CT CHE.ABDPEL-LIVER-32011/9.000000-Recon 3 CHEST  BLADDER-66493/,24.20340609550476,6.944961e-05,0.0002978131,0.0019787813
44,/database/datasets/Classics/LIDCdata/LIDC-IDRI-1002/01-01-2000-NA-NA-24056/30009.000000-NA-40405/,45.11641788482666,2.9169907e-05,0.00044470298,0.000445591
45,/database/datasets/Classics/LIDCdata/LIDC-IDRI-0266/01-01-2000-NA-CT ANGIO CHEST WWO C-79408/2.000000-BOTTOM TO TOP-06596/,33.486918687820435,2.9653573e-05,0.00036185604,0.0020653585
46,/database/datasets/Classics/LIDCdata/LIDC-IDRI-0186/01-01-2000-NA-CT LUNG MED PLEURA-37287/3.000000-Recon 2 CHEST-74757/,19.299872159957886,4.0649662e-05,0.0004050455,0.0021045783
47,/database/datasets/Classics/LIDCdata/LIDC-IDRI-0875/01-01-2000-NA-NA-92135/30034.000000-NA-78531/,44.90543031692505,4.452084e-05,0.0004670714,0.00046816433
48,/database/datasets/Classics/LIDCdata/LIDC-IDRI-0470/01-01-2000-NA-CT ANGIO CHEST NON-CO-32442/2.000000-BOTTOM TO TOP-42570/,35.214619636535645,1.4660082e-05,0.00014957195,0.00090028095
49,/database/datasets/Classics/LIDCdata/LIDC-IDRI-0203/01-01-2000-NA-CHABDPELVIS-34578/4.000000-Recon 2 C-A-P-15124/,20.978960275650024,2.4710866e-05,0.0001730475,0.001833855
50,/database/datasets/Classics/LIDCdata/LIDC-IDRI-0276/01-01-2000-NA-CT THORAX WCONTRAST-90708/3.000000-Recon 2 CHEST-65305/,20.11146116256714,4.262953e-05,0.00025679675,0.0019199516
51,/database/datasets/Classics/LIDCdata/LIDC-IDRI-0279/01-01-2000-NA-CT CAP LYMPH-06990/4.000000-Recon 3 C-A-P-85510/,22.166643857955933,5.3565123e-05,0.0003062322,0.0019748858
52,/database/datasets/Classics/LIDCdata/LIDC-IDRI-0179/01-01-2000-NA-CT THORAX WCONTRAST-03675/2.000000-CHEST-39227/,17.4364914894104,2.6750167e-05,0.00022676478,0.001894018
53,/database/datasets/Classics/LIDCdata/LIDC-IDRI-0510/01-01-2000-NA-NA-17014/30017.000000-NA-21805/,36.55869507789612,2.5292084e-05,0.0004817246,0.00048317603
54,/database/datasets/Classics/LIDCdata/LIDC-IDRI-0289/01-01-2000-NA-CT THORAX WCONTRAST-50294/4.000000-Recon 3 C-A-P-34169/,17.380761861801147,3.6440935e-05,0.0001950897,0.0018577903
55,/database/datasets/Classics/LIDCdata/LIDC-IDRI-0285/01-01-2000-NA-CAP WCON-13818/4.000000-Recon 3 C-A-P-62668/,39.242449045181274,4.7028945e-05,0.00024506942,0.0019012239
56,/database/datasets/Classics/LIDCdata/LIDC-IDRI-0220/01-01-2000-NA-CT ANGIO CHEST NON-CO-85747/2.000000-BOTTOM TO TOP-31764/,33.735981464385986,1.6225696e-06,2.095961e-05,0.00026702756
57,/database/datasets/Classics/LIDCdata/LIDC-IDRI-0171/01-01-2000-NA-CT THORAX WCONTRAST-81232/3.000000-Recon 2 CHEST-67131/,13.692973852157593,2.4670582e-05,0.00019121975,0.0018464867
58,/database/datasets/Classics/LIDCdata/LIDC-IDRI-0275/01-01-2000-NA-CT THORAX WCONTRAST-06987/2.000000-CHEST-91325/,20.735456228256226,2.7421302e-05,0.00024837125,0.0019329605
59,/database/datasets/Classics/LIDCdata/LIDC-IDRI-0454/01-01-2000-NA-NA-73374/30029.000000-NA-25757/,40.465455055236816,3.026864e-05,0.000324298,0.00032476624
60,/database/datasets/Classics/LIDCdata/LIDC-IDRI-0159/01-01-2000-NA-CTC-A-P-13995/3.000000-Recon 2 C-A-P-49228/,19.73342251777649,2.5192887e-05,0.00025969546,0.0019278895
61,/database/datasets/Classics/LIDCdata/LIDC-IDRI-0314/01-01-2000-1-NA-82159/30026.000000-NA-75227/,39.99238061904907,3.712362e-05,0.000408028,0.00040865561
62,/database/datasets/Classics/LIDCdata/LIDC-IDRI-0252/01-01-2000-NA-CT THORAX WCONTRAST-85575/2.000000-CHEST-06758/,21.11205768585205,2.4775636e-05,0.00019384512,0.0018577417
63,/database/datasets/Classics/LIDCdata/LIDC-IDRI-0207/01-01-2000-NA-CT ANGIO CHEST WWO C-68595/2.000000-CT PE PROTOCOL BOTTOM TO TOP-90470/,34.10190296173096,2.737848e-05,0.0002867377,0.001987567
64,/database/datasets/Classics/LIDCdata/LIDC-IDRI-0210/01-01-2000-NA-POST CHEST-29270/2.000000-CHEST-99234/,18.183303833007812,2.7495285e-05,0.0001850223,0.0018440092
65,/database/datasets/Classics/LIDCdata/LIDC-IDRI-0124/01-01-2000-NA-CAP-93667/3.000000-Recon 2 C-A-P-11437/,16.207722187042236,2.3756595e-05,0.00025172147,0.0019108488
66,/database/datasets/Classics/LIDCdata/LIDC-IDRI-0580/01-01-2000-1-NA-15860/30811.000000-NA-05216/,46.41715168952942,1.7751301e-05,0.00019932492,0.004614652
67,/database/datasets/Classics/LIDCdata/LIDC-IDRI-0217/01-01-2000-NA-CT CAP W-02041/4.000000-Recon 3 C-A-P-28406/,24.376216173171997,6.640967e-05,0.00035087366,0.0020300383
68,/database/datasets/Classics/LIDCdata/LIDC-IDRI-0190/01-01-2000-NA-CT THORAX WO CONTRAST-64838/3.000000-Recon 2 CHEST-06551/,18.020787239074707,2.2716236e-05,0.00022646971,0.0018895695
69,/database/datasets/Classics/LIDCdata/LIDC-IDRI-0277/01-01-2000-NA-CT CAP-12426/4.000000-Recon 3 C-A-P-44415/,17.081063747406006,6.3662796e-05,0.00029013937,0.0019562012
70,/database/datasets/Classics/LIDCdata/LIDC-IDRI-0257/01-01-2000-NA-CT CAP-00254/4.000000-Recon 3 C-A-P-11671/,24.55076837539673,4.7584526e-05,0.00026527498,0.0019233029
71,/database/datasets/Classics/LIDCdata/LIDC-IDRI-0246/01-01-2000-NA-CAP-87239/4.000000-Recon 3 C-A-P-31091/,25.19554591178894,5.5708697e-05,0.00032708744,0.0020004676
72,/database/datasets/Classics/LIDCdata/LIDC-IDRI-0100/01-01-2000-NA-CT CHEST WO CON-40731/4.000000-Recon 3 CHEST 5X5-98181/,37.74757933616638,7.643775e-06,0.0001290265,0.004478531
73,/database/datasets/Classics/LIDCdata/LIDC-IDRI-0893/01-01-2000-NA-NA-98227/30028.000000-NA-64804/,42.33165240287781,4.4806075e-05,0.00056959956,0.0005711595
74,/database/datasets/Classics/LIDCdata/LIDC-IDRI-0245/01-01-2000-NA-CT THORAX WCONTRAST-38569/2.000000-CHEST-94083/,15.811302423477173,3.2448326e-05,0.00022980079,0.0018925838
75,/database/datasets/Classics/LIDCdata/LIDC-IDRI-0213/01-01-2000-NA-TAP WC-22793/3.000000-Recon 2 C-A-P-16964/,17.79728126525879,3.1998432e-05,0.0002398976,0.0019080681
76,/database/datasets/Classics/LIDCdata/LIDC-IDRI-0202/01-01-2000-NA-CT CAP-29666/4.000000-Recon 3 C-A-P-82679/,22.890289306640625,5.963315e-05,0.00036884894,0.0020481357
77,/database/datasets/Classics/LIDCdata/LIDC-IDRI-0197/01-01-2000-NA-CT CHABPELVIS-93530/3.000000-Recon 2 C-A-P-85333/,19.894957542419434,3.3925753e-05,0.00029907867,0.0019739645
78,/database/datasets/Classics/LIDCdata/LIDC-IDRI-0224/01-01-2000-NA-CT THORAX WCONTRAST-34842/2.000000-CHEST-79565/,18.767041444778442,2.6427018e-05,0.00024580542,0.0019172172
79,/database/datasets/Classics/LIDCdata/LIDC-IDRI-0522/01-01-2000-NA-NA-10470/30014.000000-NA-77035/,37.6235408782959,3.2698288e-05,0.00054367055,0.00054542476
80,/database/datasets/Classics/LIDCdata/LIDC-IDRI-0236/01-01-2000-NA-CT THORAX WCONTRAST-06136/2.000000-CHEST-17774/,19.032877922058105,3.8062648e-05,0.000285475,0.0019640843
81,/database/datasets/Classics/LIDCdata/LIDC-IDRI-0562/01-01-2000-NA-NA-32680/30040.000000-NA-82729/,39.43441319465637,3.2807387e-05,0.0005067743,0.00050841196
82,/database/datasets/Classics/LIDCdata/LIDC-IDRI-0286/01-01-2000-NA-CT THORAX WCONTRAST-35412/2.000000-CHEST-19224/,19.67987823486328,2.4316e-05,0.00021213284,0.001881124
83,/database/datasets/Classics/LIDCdata/LIDC-IDRI-0182/01-01-2000-NA-CT THORAX WCONTRAST-12720/3.000000-CHEST-35275/,19.036123752593994,2.6037804e-05,0.00024340473,0.0019069425
84,/database/datasets/Classics/LIDCdata/LIDC-IDRI-0211/01-01-2000-NA-CT CHEST PE-75635/2.000000-BOTTOM TO TOP-65701/,33.24178385734558,2.3072891e-05,0.0002743947,0.0019662536
85,/database/datasets/Classics/LIDCdata/LIDC-IDRI-0272/01-01-2000-NA-C-A-P-92863/6.000000-Recon 3 C-A-P-98568/,19.24380326271057,4.041124e-05,0.00031137958,0.0019683265
86,/database/datasets/Classics/LIDCdata/LIDC-IDRI-0281/01-01-2000-NA-CT THORAX WCONTRAST-02123/6.000000-Recon 3 C-A-P-34170/,18.316897869110107,5.3633124e-05,0.00032481563,0.001991067
88,/database/datasets/Classics/LIDCdata/LIDC-IDRI-0965/01-01-2000-1-NA-91560/30011.000000-NA-01375/,56.01650428771973,2.5783149e-05,0.00039738332,0.0003980797
89,/database/datasets/Classics/LIDCdata/LIDC-IDRI-0325/01-01-2000-1-NA-23372/30024.000000-NA-81290/,40.73605966567993,4.1906245e-05,0.0004067342,0.00040724935
90,/database/datasets/Classics/LIDCdata/LIDC-IDRI-0118/01-01-2000-NA-CT CHEST W CONT-82336/4.000000-Recon 3 CHEST-57528/,37.311158895492554,1.0706396e-05,0.00017927539,0.004540646
91,/database/datasets/Classics/LIDCdata/LIDC-IDRI-0287/01-01-2000-NA-CH-AB WWO-57105/6.000000-Recon 3 CHEST-ABD-05112/,17.334564447402954,5.0081002e-05,0.00031067923,0.0019668804
92,/database/datasets/Classics/LIDCdata/LIDC-IDRI-0225/01-01-2000-NA-CT THORAX WO CONTRAST-79400/2.000000-CHEST-16551/,18.626200914382935,4.6766905e-05,0.00037523406,0.0040445053
93,/database/datasets/Classics/LIDCdata/LIDC-IDRI-0164/01-01-2000-NA-PE CHEST WITH-13972/2.000000-BOTTOM TO TOP-58588/,38.88837552070618,1.6461645e-05,0.00020461681,0.0018770299
94,/database/datasets/Classics/LIDCdata/LIDC-IDRI-0771/01-01-2000-1-NA-27051/30032.000000-NA-08762/,39.568437576293945,2.6680837e-05,0.0006221567,0.00062498846
95,/database/datasets/Classics/LIDCdata/LIDC-IDRI-0253/01-01-2000-NA-CT THORAX WCONTRAST-83454/2.000000-CHEST-08334/,18.778155088424683,2.9680208e-05,0.00024003969,0.0019171403
96,/database/datasets/Classics/LIDCdata/LIDC-IDRI-0198/01-01-2000-NA-CT THORAX WCONTRAST-08033/2.000000-CHEST-32481/,18.682817935943604,2.6350854e-05,0.0003328205,0.0020202338
97,/database/datasets/Classics/LIDCdata/LIDC-IDRI-0332/01-01-2000-NA-NA-07398/30242.000000-NA-57094/,25.581494569778442,2.0343306e-05,0.00016851618,0.004590071
98,/database/datasets/Classics/LIDCdata/LIDC-IDRI-0624/01-01-2000-NA-NA-13780/30071.000000-NA-98594/,41.516910552978516,3.03882e-05,0.00043194424,0.00043318383
99,/database/datasets/Classics/LIDCdata/LIDC-IDRI-0091/01-01-2000-NA-CT ANGIO CHEST WWO C-79589/2.000000-BOTTOM TO TOP-78441/,28.200745820999146,1.9298475e-05,0.00031190692,0.0019936822
100,/database/datasets/Classics/LIDCdata/LIDC-IDRI-0270/01-01-2000-NA-CT THORAX WCONTRAST-26845/3.000000-Recon 2 C-A-P-98011/,19.84898829460144,2.5393596e-05,0.00021732644,0.001891002
101,/database/datasets/Classics/LIDCdata/LIDC-IDRI-0231/01-01-2000-NA-CT THORAX WCONTRAST-83973/4.000000-Recon 2 C-A-P-54201/,20.516668558120728,2.7112192e-05,0.0002375839,0.0019195318
102,/database/datasets/Classics/LIDCdata/LIDC-IDRI-0162/01-01-2000-NA-CT THORAX WCONTRAST-56900/2.000000-CHEST-11210/,18.895265817642212,2.4578476e-05,0.00024888973,0.0019196932
103,/database/datasets/Classics/LIDCdata/LIDC-IDRI-0181/01-01-2000-NA-CT THORAX WCONTRAST-05064/3.000000-Recon 2 CHEST-95147/,26.298332452774048,6.436405e-05,0.00033267934,0.0020090991
104,/database/datasets/Classics/LIDCdata/LIDC-IDRI-0242/01-01-2000-NA-CT THORAX WCONTRAST-58962/2.000000-CHEST-17235/,21.544994831085205,3.0808184e-05,0.00023496296,0.001912475
105,/database/datasets/Classics/LIDCdata/LIDC-IDRI-0576/01-01-2000-NA-NA-74745/30051.000000-NA-98474/,39.97354459762573,5.9863316e-05,0.00069623813,0.0006988323
106,/database/datasets/Classics/LIDCdata/LIDC-IDRI-0924/01-01-2000-NA-NA-24020/30013.000000-NA-88633/,46.847190380096436,2.621936e-05,0.00042620784,0.0004283066
107,/database/datasets/Classics/LIDCdata/LIDC-IDRI-0189/01-01-2000-NA-CT CA-16202/6.000000-Recon 3 CHEST-ABD-73682/,18.302972555160522,6.641892e-05,0.00032837878,0.0019931588
108,/database/datasets/Classics/LIDCdata/LIDC-IDRI-0265/01-01-2000-NA-CT THORAX WCONTRAST-23391/2.000000-CHEST-42958/,19.788917303085327,2.6449938e-05,0.00022733184,0.0018898647
109,/database/datasets/Classics/LIDCdata/LIDC-IDRI-0568/01-01-2000-NA-CT THORAX W IV CONTRAS-87975/31261.000000-NA-64474/,42.16418504714966,1.2295296e-05,0.00014517969,0.004503197
110,/database/datasets/Classics/LIDCdata/LIDC-IDRI-0187/01-01-2000-NA-CT THORAX WO CONTRAST-12606/2.000000-CHEST-25249/,19.980578422546387,1.8934685e-05,0.00015049227,0.0018054063
111,/database/datasets/Classics/LIDCdata/LIDC-IDRI-0184/01-01-2000-NA-CT THORAX WCONTRAST-63701/3.000000-Recon 2 CHEST-04872/,19.889190912246704,6.789165e-05,0.00037332016,0.0020545658
112,/database/datasets/Classics/LIDCdata/LIDC-IDRI-0188/01-01-2000-NA-CHESTABDPELVIS-30124/4.000000-Recon 2 C-A-P-84739/,16.122865438461304,3.3482473e-05,0.00037975967,0.0020616318
113,/database/datasets/Classics/LIDCdata/LIDC-IDRI-0212/01-01-2000-NA-PRE CHEST-71631/2.000000-CHEST-71960/,18.92732286453247,3.7614467e-05,0.0003689702,0.0032792012
114,/database/datasets/Classics/LIDCdata/LIDC-IDRI-0288/01-01-2000-NA-CT ANGIO CHEST WWO C-47845/2.000000-BOTTOM TO TOP-54574/,35.60572099685669,3.0180026e-05,0.00034105583,0.0020430184
115,/database/datasets/Classics/LIDCdata/LIDC-IDRI-0183/01-01-2000-NA-CT THORAX WCONTRAST-64292/3.000000-Recon 2 CHEST-55819/,19.56763768196106,3.246671e-05,0.00028136748,0.0019641325
116,/database/datasets/Classics/LIDCdata/LIDC-IDRI-0818/01-01-2000-NA-CT ANGIO CHEST WWO C-68235/2.000000-CT PE PROTOCOL BOTTOM TO TOP-85951/,25.62433362007141,2.7182421e-05,0.00040280097,0.0020945596
117,/database/datasets/Classics/LIDCdata/LIDC-IDRI-0221/01-01-2000-NA-THORAX WITH-39271/2.000000-CHEST-20823/,19.32399320602417,2.6939744e-05,0.00026538406,0.0019347571
118,/database/datasets/Classics/LIDCdata/LIDC-IDRI-0249/01-01-2000-NA-CT ANGIO CHEST NON-CO-36080/3.000000-Recon 2 BOTTOM TO TOP-28001/,52.69103527069092,0.00010621222,0.00045274047,0.0021530401
119,/database/datasets/Classics/LIDCdata/LIDC-IDRI-0068/01-01-2000-NA-CT CHEST W CONT-80168/4.000000-Recon 3 CT CHEST-26125/,36.91394567489624,1.5862295e-05,0.00019960396,0.0046015326
120,/database/datasets/Classics/LIDCdata/LIDC-IDRI-0226/01-01-2000-NA-CT CAP-58241/4.000000-Recon 3 C-A-P-36247/,22.219593286514282,4.833085e-05,0.00029392485,0.0019653514
121,/database/datasets/Classics/LIDCdata/LIDC-IDRI-0223/01-01-2000-NA-CT ANGIO CHEST NON-CO-53388/2.000000-BOTTOM TO TOP-66896/,32.827378273010254,6.895314e-06,8.4022795e-05,0.0006208834
122,/database/datasets/Classics/LIDCdata/LIDC-IDRI-0772/01-01-2000-NA-CT THORAX WCONTRAST-65479/2.000000-CHEST-15800/,20.61282706260681,2.4300387e-05,0.00022120443,0.0018900377
123,/database/datasets/Classics/LIDCdata/LIDC-IDRI-0135/01-01-2000-NA-CT THORAX WCONTRAST-77417/3.000000-Recon 2 C-A-P-38704/,17.14675211906433,2.4354997e-05,0.00030699515,0.0019716835
124,/database/datasets/Classics/LIDCdata/LIDC-IDRI-0234/01-01-2000-NA-CT CHABPELVIS-85979/4.000000-Recon 3 C-A-P-94709/,23.756489276885986,5.7152432e-05,0.0002881047,0.0020112188
125,/database/datasets/Classics/LIDCdata/LIDC-IDRI-0235/01-01-2000-NA-CT CHEABDPEL-69281/4.000000-Recon 3 C-A-P-42103/,24.805803060531616,6.65424e-05,0.0003493276,0.0020345575
126,/database/datasets/Classics/LIDCdata/LIDC-IDRI-0138/01-01-2000-NA-CT CHEST W CONT-37148/102.000000-CT CHEST 5 X 5-89059/,38.95533800125122,9.693147e-06,0.00013163002,0.0044925646
127,/database/datasets/Classics/LIDCdata/LIDC-IDRI-0193/01-01-2000-NA-CT THORAX WCONTRAST-69121/3.000000-Recon 2 CHEST-94040/,18.09483289718628,2.502075e-05,0.00025088352,0.0019244598
128,/database/datasets/Classics/LIDCdata/LIDC-IDRI-0278/01-01-2000-NA-CT ANGIO CHEST NON-CO-86536/2.000000-BOTTOM TO TOP-86949/,31.242571353912354,2.3035607e-05,0.00029407363,0.0019768972
129,/database/datasets/Classics/LIDCdata/LIDC-IDRI-0244/01-01-2000-NA-CT THORAX WCONTRAST-35776/2.000000-CHEST-26290/,20.107534885406494,3.0935727e-05,0.0003191783,0.0022614119
130,/database/datasets/Classics/LIDCdata/LIDC-IDRI-1011/01-01-2000-NA-CT THORAX WCONTRAST-94040/2.000000-CHEST-06815/,19.03955340385437,2.2699629e-05,0.0001818458,0.0018377831
131,/database/datasets/Classics/LIDCdata/LIDC-IDRI-0161/01-01-2000-NA-CT ANGIO CHEST WWO C-27934/2.000000-BOTTOM TO TOP-24767/,38.69279932975769,2.2466931e-05,0.0002182476,0.001901339
132,/database/datasets/Classics/LIDCdata/LIDC-IDRI-0905/01-01-2000-1-NA-07760/30376.000000-NA-53756/,34.37847137451172,1.4554988e-05,0.00021472161,0.004631868
133,/database/datasets/Classics/LIDCdata/LIDC-IDRI-0264/01-01-2000-NA-CT ANGIO CHEST WWO C-88372/2.000000-BOTTOM TO TOP-00599/,33.663140296936035,2.3335093e-05,0.0002368325,0.0019216272
134,/database/datasets/Classics/LIDCdata/LIDC-IDRI-0921/01-01-2000-NA-NA-08679/30027.000000-NA-45468/,50.836076974868774,3.8810194e-05,0.0004703307,0.0004714577
135,/database/datasets/Classics/LIDCdata/LIDC-IDRI-0129/01-01-2000-NA-CT ANGIO CHEST WWO C-30279/2.000000-BOTTOM TO TOP-12518/,36.181169748306274,2.4917304e-05,0.00033073244,0.0020355429
136,/database/datasets/Classics/LIDCdata/LIDC-IDRI-0175/01-01-2000-NA-CT THORAX WCONTRAST-99448/3.000000-Recon 2 CHEST-06819/,18.342678785324097,3.160739e-05,0.0003348886,0.002025043
137,/database/datasets/Classics/LIDCdata/LIDC-IDRI-0192/01-01-2000-NA-CT ANGIO CHEST NON-CO-91976/2.000000-BOTTOM TO TOP-47734/,39.328725814819336,1.9187491e-05,0.00026754203,0.0019432567
138,/database/datasets/Classics/LIDCdata/LIDC-IDRI-0256/01-01-2000-NA-CT  CAP  WO CONT-35073/4.000000-Recon 3 C-A-P-08658/,22.53714370727539,5.4588076e-05,0.00024454002,0.001908093
139,/database/datasets/Classics/LIDCdata/LIDC-IDRI-0280/01-01-2000-NA-CT ANGIO CHEST WWO C-02102/2.000000-BOTTOM TO TOP-39398/,34.29813098907471,2.5680773e-05,0.0003596156,0.0020697457
140,/database/datasets/Classics/LIDCdata/LIDC-IDRI-0214/01-01-2000-NA-CT THORAX WCONTRAST-57061/2.000000-CHEST-47718/,21.39873218536377,2.0408686e-05,0.0001820255,0.0018405495
142,/database/datasets/Classics/LIDCdata/LIDC-IDRI-0274/01-01-2000-NA-CT THORAX WCONTRAST-53711/6.000000-Recon 3 C-A-P-19998/,35.018582820892334,3.3097487e-05,0.00019887085,0.0018451356
143,/database/datasets/Classics/LIDCdata/LIDC-IDRI-0493/01-01-2000-NA-CHEST-24958/30943.000000-NA-48335/,40.98785328865051,1.2325292e-05,0.00020256758,0.0046080067
144,/database/datasets/Classics/LIDCdata/LIDC-IDRI-0254/01-01-2000-NA-CT CAP-78690/4.000000-Recon 3 C-A-P-74084/,16.9671049118042,9.377813e-05,0.00050720666,0.0022060808
145,/database/datasets/Classics/LIDCdata/LIDC-IDRI-0283/01-01-2000-NA-CAP POST-77406/3.000000-Recon 2 C-A-P-16280/,16.324491262435913,2.684495e-05,0.00022257301,0.0018804052
146,/database/datasets/Classics/LIDCdata/LIDC-IDRI-0222/01-01-2000-NA-CAP-79315/4.000000-Recon 3 C-A-P-45171/,18.900392055511475,8.2999526e-05,0.00048033387,0.0021765537
147,/database/datasets/Classics/LIDCdata/LIDC-IDRI-0071/01-01-2000-NA-CT CHEST WO CON-19883/4.000000-1.25 STANDARD-54861/,37.63611936569214,1.1505734e-05,0.00014765166,0.007260272
148,/database/datasets/Classics/LIDCdata/LIDC-IDRI-0243/01-01-2000-NA-CAP-10738/4.000000-Recon 3 C-A-P-68794/,22.783873319625854,9.220081e-06,5.307195e-05,0.016294444
149,/database/datasets/Classics/LIDCdata/LIDC-IDRI-0185/01-01-2000-NA-CT-CHAP LIVER-18057/8.000000-Recon 2 CHEST  BLADDER-11210/,18.43040108680725,2.2540946e-05,0.00018053601,0.0018393075
150,/database/datasets/Classics/LIDCdata/LIDC-IDRI-0268/01-01-2000-NA-CT CAP-21194/4.000000-Recon 3 C-A-P-93813/,22.292643547058105,6.336234e-05,0.00037034028,0.0020462552
151,/database/datasets/Classics/LIDCdata/LIDC-IDRI-0271/01-01-2000-NA-CHESTABD WC-53083/103.000000-CHEST-ABD-91341/,24.750795364379883,5.1107894e-05,0.00028157962,0.0019407873
152,/database/datasets/Classics/LIDCdata/LIDC-IDRI-0173/01-01-2000-NA-CT THORAX WCONTRAST-01973/3.000000-Recon 2 CHEST-13394/,21.101210832595825,4.07788e-05,0.0003333582,0.0020259568
153,/database/datasets/Classics/LIDCdata/LIDC-IDRI-0090/01-01-2000-NA-CT THORAX WCONTRAST-68962/3.000000-Recon 2 CHEST-46707/,19.050048351287842,2.4212011e-05,0.00026295887,0.0019366939
154,/database/datasets/Classics/LIDCdata/LIDC-IDRI-0255/01-01-2000-NA-CT-CHAP-11331/3.000000-Recon 2 C-A-P-94518/,18.699945211410522,2.2717886e-05,0.00020470237,0.0018631831
155,/database/datasets/Classics/LIDCdata/LIDC-IDRI-0143/01-01-2000-NA-CT THORAX WCONTRAST-05745/3.000000-Recon 2 CHEST-92345/,18.128411769866943,2.5601157e-05,0.00024435227,0.0019132236
156,/database/datasets/Classics/LIDCdata/LIDC-IDRI-0178/01-01-2000-NA-CT THORAX WCONTRAST-30822/4.000000-Recon 3 C-A-P-77603/,21.80646824836731,6.187718e-05,0.0003210295,0.0019829923
157,/database/datasets/Classics/LIDCdata/LIDC-IDRI-0169/01-01-2000-NA-CT ANGIO CHEST WWO C-39204/2.000000-BOTTOM TO TOP-93409/,32.97147488594055,2.5242707e-05,0.00030711247,0.0019983326
9,/database/datasets/Classics/LIDCdata/LIDC-IDRI-0994/01-01-2000-NA-CHEST-55074/31319.000000-Recon 2 ACRIN LARGE-71547/,99.24533748626709,2.7726008e-05,0.00038990474,0.007827697
14,/database/datasets/Classics/LIDCdata/LIDC-IDRI-0385/01-01-2000-NA-CHEST-52204/30956.000000-Recon 2 LOW DOSE THROUGH LUNGS-09785/,39.09482264518738,6.9809275e-06,0.00013757002,0.0045343875
17,/database/datasets/Classics/LIDCdata/LIDC-IDRI-0939/01-01-2000-NA-CT THORAX WO IV CONTRA-99879/30930.000000-Recon 2 LOW DOSE THROUGH LUNGS-19490/,40.58820414543152,1.2991731e-05,0.0002786153,0.007284428
20,/database/datasets/Classics/LIDCdata/LIDC-IDRI-0543/01-01-2000-NA-NA-45169/30006.000000-NA-79830/,45.86834979057312,2.6466723e-05,0.00046968437,0.00047070836
87,/database/datasets/Classics/LIDCdata/LIDC-IDRI-1004/01-01-2000-NA-CHEST-11943/30946.000000-Recon 2 LOW DOSE THROUGH LUNGS-02384/,46.01745057106018,7.474365e-06,0.00014001533,0.0045420458
